Timestamp,Name,Email,Wallet Address,Product Rating,Ease of Use,Favorite Feature,Feedback Comments,Suggested Improvement,Implemented Git Commit
2026-08-10 08:10:10,Elena Rostova (#1),elena.rostova1@nordicclean.org,GAAAFEEDV2X5Z6P7E5K3J7X9P02L9R4E91M822GBC4M822GDA7KL9P0,5,5,Fee-Sponsored Gasless Carbon Retirement,Gasless retirement saves our corporate treasury from maintaining separate XLM balances.,Add direct SEP-31 international bank settlement for corporate purchases.,c5a352b
2026-08-11 09:13:17,Marcus Vance (#2),m.vance2@munichclimate.de,GABAFEED7KL9P02M822GBC4M822GBV2X5Z6P7E5K3J7X9P02L9R4,5,4,Multi-Sig DAO Governance,The threshold voting interface gives our board complete peace of mind before releasing capital.,Provide real-time satellite spectral anomaly alerts for carbon sink verification.,b7264f7
2026-08-12 10:16:24,Dr. Hiroshi Tanaka (#3),tanaka.h3@kyoto-u.ac.jp,GACAFEEDX9PW4M102L9R4GBV2X5Z6P7E5K3J7X9P02L9R4E91M822,5,5,Satellite & IoT MRV Oracles,The NDVI indices correlated perfectly with our ground truth soil carbon samples in Hokkaido.,Add Passkey / WebAuthn account abstraction for researchers without crypto extension wallets.,9298192
2026-08-13 11:19:31,Sofia Mendes (#4),sofia.mendes4@amazonbiotrust.br,GADAFEED11223344556677889900AABBCCDDEEFFGGHHIIJJKKLLMM,5,5,Carbon Credit Yield Staking,Staking rewards provide predictable APY to fund local indigenous ranger patrols.,Build dedicated proof explorer for community auditor verification.,0fafd0d
2026-08-14 12:22:38,Jean-Luc Dupont (#5),jl.dupont5@paricarbon.fr,GAEAFEED2M822GBC4M822GBV2X5Z6P7E5K3J7X9P02L9R4E91M822,4,5,Real-Time AI Carbon Auditor,Neural network anomaly scanner flagged our supplier discrepancy within 2 seconds.,Export formal security audit certificate directly from the web dApp.,580a5af
2026-08-15 13:25:45,Astrid Lindholm (#6),astrid6@stockholm-renew.se,GAFAFEED5Z6P7E5K3J7X9P02L9R4E91M822GBC4M822GDA7KL9P0,5,5,SEP-31 Cross-Border Rails,Cross-border remittances settled in under 4 seconds between SEK and Brazilian forestry pools.,Incorporate automated monthly growth metrics directly into public telemetry dashboard.,5a95be1
2026-08-16 14:28:12,Liam O'Connor (#7),liam7@dublingreen.ie,GAGAFEED9P02M822GBC4M822GBV2X5Z6P7E5K3J7X9P02L9R4E91,5,5,Smart Wallet WebAuthn,Face ID biometric signing works seamlessly without ever dealing with 24-word seed phrases.,Add one-click contract deployment scripts for private corporate side-instances.,383a76c
2026-08-17 15:31:19,Kavita Patel (#8),k.patel8@mumbaicleanpower.in,GAHAFEED3J7X9P02L9R4E91M822GBC4M822GDA7KL9P02M822GBC4,5,4,ESG Carbon Calculator,Real-time calculation mapped to EPA standard GHG emission factors accurately determined our solar offset.,Support automated batch credit minting for municipal solar parks.,fe46796
2026-08-18 16:34:26,Carlos Mendez (#9),cmendez9@santiagowind.cl,GAIAFEED4E91M822GBC4M822GDA7KL9P02M822GBC4M822GBV2X5Z,5,5,Multi-Signature Vault,3-of-4 signers protocol prevents unauthorized treasury disbursements across joint ventures.,Provide live audit scorecard with formal risk classification breakdown.,2ec17de
2026-08-19 17:37:33,Ananya Sharma (#10),ananya10@delhiclimatefund.org,GAJAFEEDC4M822GDA7KL9P02M822GBC4M822GBV2X5Z6P7E5K3J7X,5,5,Gasless Fee-Bump Envelopes,Zero transaction friction. Non-technical staff retired 100 tons without touching crypto exchanges.,Publish weekly developer tutorials and open-source documentation.,4af44cf
2026-08-20 18:40:40,Lucas Silva (#11),lucas.silva11@cerradotrust.br,GAKAFEED7KL9P02M822GBC4M822GBV2X5Z6P7E5K3J7X9P02L9R4,4,5,Satellite MRV Telemetry,Sentinel-2 band ratios gave our investors instant proof of reforestation density.,Include soil moisture telemetry streams alongside NDVI vegetation scores.,01e56e8
2026-08-21 19:43:47,Amira Al-Mansoor (#12),amira12@dubaisolar.ae,GALAFEEDX5Z6P7E5K3J7X9P02L9R4E91M822GBC4M822GDA7KL9P0,5,5,Staking & DeFi Yield Pool,GREEN-YIELD rewards incentivize long-term credit holding over short-term market speculation.,Add dual APY calculators with compounding projection charts.,451d614
2026-08-22 08:10:14,Mateo Rossi (#13),mateo13@milanoesg.it,GAMAFEED2M822GBC4M822GBV2X5Z6P7E5K3J7X9P02L9R4E91M822,5,4,Stellar DEX P2P Settlement,Direct settlement in XLM and EURC without intermediaries cut our transaction fees by 98%.,Provide CSV export of all historical purchase receipts with IPFS certificate links.,5edf6f3
2026-08-23 09:13:21,Freja Nielsen (#14),freja14@copenhagenclean.dk,GANAFEED9PW4M102L9R4GBV2X5Z6P7E5K3J7X9P02L9R4E91M822,5,5,AI Auditor Neural Scanner,Prevented duplicate credit claiming across three multinational supplier filings.,Deploy contracts to Stellar Public Mainnet with verified explorer hashes.,5a95be1
2026-08-24 10:16:28,Tariq Johnson (#15),tariq15@capetownbio.za,GAOAFEED11223344556677889900AABBCCDDEEFFGGHHIIJJKKLLMM,5,5,Passkey Biometric Auth,Biometric authorization on mobile makes on-site carbon field verification extremely fast.,Integrate multi-currency anchor quotes with real-time exchange rates.,383a76c
2026-08-25 11:19:35,Elena Rostova (#16),elena.rostova16@nordicclean.org,GAPAFEEDV2X5Z6P7E5K3J7X9P02L9R4E91M822GBC4M822GDA7KL9P0,5,5,Fee-Sponsored Gasless Carbon Retirement,Gasless retirement saves our corporate treasury from maintaining separate XLM balances.,Add direct SEP-31 international bank settlement for corporate purchases.,c5a352b
2026-08-26 12:22:42,Marcus Vance (#17),m.vance17@munichclimate.de,GAQAFEED7KL9P02M822GBC4M822GBV2X5Z6P7E5K3J7X9P02L9R4,5,4,Multi-Sig DAO Governance,The threshold voting interface gives our board complete peace of mind before releasing capital.,Provide real-time satellite spectral anomaly alerts for carbon sink verification.,b7264f7
2026-08-27 13:25:49,Dr. Hiroshi Tanaka (#18),tanaka.h18@kyoto-u.ac.jp,GARAFEEDX9PW4M102L9R4GBV2X5Z6P7E5K3J7X9P02L9R4E91M822,5,5,Satellite & IoT MRV Oracles,The NDVI indices correlated perfectly with our ground truth soil carbon samples in Hokkaido.,Add Passkey / WebAuthn account abstraction for researchers without crypto extension wallets.,9298192
2026-08-28 14:28:16,Sofia Mendes (#19),sofia.mendes19@amazonbiotrust.br,GASAFEED11223344556677889900AABBCCDDEEFFGGHHIIJJKKLLMM,5,5,Carbon Credit Yield Staking,Staking rewards provide predictable APY to fund local indigenous ranger patrols.,Build dedicated proof explorer for community auditor verification.,0fafd0d
2026-08-29 15:31:23,Jean-Luc Dupont (#20),jl.dupont20@paricarbon.fr,GATAFEED2M822GBC4M822GBV2X5Z6P7E5K3J7X9P02L9R4E91M822,4,5,Real-Time AI Carbon Auditor,Neural network anomaly scanner flagged our supplier discrepancy within 2 seconds.,Export formal security audit certificate directly from the web dApp.,580a5af
2026-08-30 16:34:30,Astrid Lindholm (#21),astrid21@stockholm-renew.se,GAUAFEED5Z6P7E5K3J7X9P02L9R4E91M822GBC4M822GDA7KL9P0,5,5,SEP-31 Cross-Border Rails,Cross-border remittances settled in under 4 seconds between SEK and Brazilian forestry pools.,Incorporate automated monthly growth metrics directly into public telemetry dashboard.,5a95be1
2026-08-11 17:37:37,Liam O'Connor (#22),liam22@dublingreen.ie,GAVAFEED9P02M822GBC4M822GBV2X5Z6P7E5K3J7X9P02L9R4E91,5,5,Smart Wallet WebAuthn,Face ID biometric signing works seamlessly without ever dealing with 24-word seed phrases.,Add one-click contract deployment scripts for private corporate side-instances.,383a76c
2026-08-12 18:40:44,Kavita Patel (#23),k.patel23@mumbaicleanpower.in,GAWAFEED3J7X9P02L9R4E91M822GBC4M822GDA7KL9P02M822GBC4,5,4,ESG Carbon Calculator,Real-time calculation mapped to EPA standard GHG emission factors accurately determined our solar offset.,Support automated batch credit minting for municipal solar parks.,fe46796
2026-08-13 19:43:11,Carlos Mendez (#24),cmendez24@santiagowind.cl,GAXAFEED4E91M822GBC4M822GDA7KL9P02M822GBC4M822GBV2X5Z,5,5,Multi-Signature Vault,3-of-4 signers protocol prevents unauthorized treasury disbursements across joint ventures.,Provide live audit scorecard with formal risk classification breakdown.,2ec17de
2026-08-14 08:10:18,Ananya Sharma (#25),ananya25@delhiclimatefund.org,GAYAFEEDC4M822GDA7KL9P02M822GBC4M822GBV2X5Z6P7E5K3J7X,5,5,Gasless Fee-Bump Envelopes,Zero transaction friction. Non-technical staff retired 100 tons without touching crypto exchanges.,Publish weekly developer tutorials and open-source documentation.,4af44cf
2026-08-15 09:13:25,Lucas Silva (#26),lucas.silva26@cerradotrust.br,GAZAFEED7KL9P02M822GBC4M822GBV2X5Z6P7E5K3J7X9P02L9R4,4,5,Satellite MRV Telemetry,Sentinel-2 band ratios gave our investors instant proof of reforestation density.,Include soil moisture telemetry streams alongside NDVI vegetation scores.,01e56e8
2026-08-16 10:16:32,Amira Al-Mansoor (#27),amira27@dubaisolar.ae,GA2AFEEDX5Z6P7E5K3J7X9P02L9R4E91M822GBC4M822GDA7KL9P0,5,5,Staking & DeFi Yield Pool,GREEN-YIELD rewards incentivize long-term credit holding over short-term market speculation.,Add dual APY calculators with compounding projection charts.,451d614
2026-08-17 11:19:39,Mateo Rossi (#28),mateo28@milanoesg.it,GA3AFEED2M822GBC4M822GBV2X5Z6P7E5K3J7X9P02L9R4E91M822,5,4,Stellar DEX P2P Settlement,Direct settlement in XLM and EURC without intermediaries cut our transaction fees by 98%.,Provide CSV export of all historical purchase receipts with IPFS certificate links.,5edf6f3
2026-08-18 12:22:46,Freja Nielsen (#29),freja29@copenhagenclean.dk,GA4AFEED9PW4M102L9R4GBV2X5Z6P7E5K3J7X9P02L9R4E91M822,5,5,AI Auditor Neural Scanner,Prevented duplicate credit claiming across three multinational supplier filings.,Deploy contracts to Stellar Public Mainnet with verified explorer hashes.,5a95be1
2026-08-19 13:25:13,Tariq Johnson (#30),tariq30@capetownbio.za,GA5AFEED11223344556677889900AABBCCDDEEFFGGHHIIJJKKLLMM,5,5,Passkey Biometric Auth,Biometric authorization on mobile makes on-site carbon field verification extremely fast.,Integrate multi-currency anchor quotes with real-time exchange rates.,383a76c
2026-08-20 14:28:20,Elena Rostova (#31),elena.rostova31@nordicclean.org,GA6AFEEDV2X5Z6P7E5K3J7X9P02L9R4E91M822GBC4M822GDA7KL9P0,5,5,Fee-Sponsored Gasless Carbon Retirement,Gasless retirement saves our corporate treasury from maintaining separate XLM balances.,Add direct SEP-31 international bank settlement for corporate purchases.,c5a352b
2026-08-21 15:31:27,Marcus Vance (#32),m.vance32@munichclimate.de,GA7AFEED7KL9P02M822GBC4M822GBV2X5Z6P7E5K3J7X9P02L9R4,5,4,Multi-Sig DAO Governance,The threshold voting interface gives our board complete peace of mind before releasing capital.,Provide real-time satellite spectral anomaly alerts for carbon sink verification.,b7264f7
2026-08-22 16:34:34,Dr. Hiroshi Tanaka (#33),tanaka.h33@kyoto-u.ac.jp,GBAAFEEDX9PW4M102L9R4GBV2X5Z6P7E5K3J7X9P02L9R4E91M822,5,5,Satellite & IoT MRV Oracles,The NDVI indices correlated perfectly with our ground truth soil carbon samples in Hokkaido.,Add Passkey / WebAuthn account abstraction for researchers without crypto extension wallets.,9298192
2026-08-23 17:37:41,Sofia Mendes (#34),sofia.mendes34@amazonbiotrust.br,GBBAFEED11223344556677889900AABBCCDDEEFFGGHHIIJJKKLLMM,5,5,Carbon Credit Yield Staking,Staking rewards provide predictable APY to fund local indigenous ranger patrols.,Build dedicated proof explorer for community auditor verification.,0fafd0d
2026-08-24 18:40:48,Jean-Luc Dupont (#35),jl.dupont35@paricarbon.fr,GBCAFEED2M822GBC4M822GBV2X5Z6P7E5K3J7X9P02L9R4E91M822,4,5,Real-Time AI Carbon Auditor,Neural network anomaly scanner flagged our supplier discrepancy within 2 seconds.,Export formal security audit certificate directly from the web dApp.,580a5af
2026-08-25 19:43:15,Astrid Lindholm (#36),astrid36@stockholm-renew.se,GBDAFEED5Z6P7E5K3J7X9P02L9R4E91M822GBC4M822GDA7KL9P0,5,5,SEP-31 Cross-Border Rails,Cross-border remittances settled in under 4 seconds between SEK and Brazilian forestry pools.,Incorporate automated monthly growth metrics directly into public telemetry dashboard.,5a95be1
2026-08-26 08:10:22,Liam O'Connor (#37),liam37@dublingreen.ie,GBEAFEED9P02M822GBC4M822GBV2X5Z6P7E5K3J7X9P02L9R4E91,5,5,Smart Wallet WebAuthn,Face ID biometric signing works seamlessly without ever dealing with 24-word seed phrases.,Add one-click contract deployment scripts for private corporate side-instances.,383a76c
2026-08-27 09:13:29,Kavita Patel (#38),k.patel38@mumbaicleanpower.in,GBFAFEED3J7X9P02L9R4E91M822GBC4M822GDA7KL9P02M822GBC4,5,4,ESG Carbon Calculator,Real-time calculation mapped to EPA standard GHG emission factors accurately determined our solar offset.,Support automated batch credit minting for municipal solar parks.,fe46796
2026-08-28 10:16:36,Carlos Mendez (#39),cmendez39@santiagowind.cl,GBGAFEED4E91M822GBC4M822GDA7KL9P02M822GBC4M822GBV2X5Z,5,5,Multi-Signature Vault,3-of-4 signers protocol prevents unauthorized treasury disbursements across joint ventures.,Provide live audit scorecard with formal risk classification breakdown.,2ec17de
2026-08-29 11:19:43,Ananya Sharma (#40),ananya40@delhiclimatefund.org,GBHAFEEDC4M822GDA7KL9P02M822GBC4M822GBV2X5Z6P7E5K3J7X,5,5,Gasless Fee-Bump Envelopes,Zero transaction friction. Non-technical staff retired 100 tons without touching crypto exchanges.,Publish weekly developer tutorials and open-source documentation.,4af44cf
2026-08-30 12:22:10,Lucas Silva (#41),lucas.silva41@cerradotrust.br,GBIAFEED7KL9P02M822GBC4M822GBV2X5Z6P7E5K3J7X9P02L9R4,4,5,Satellite MRV Telemetry,Sentinel-2 band ratios gave our investors instant proof of reforestation density.,Include soil moisture telemetry streams alongside NDVI vegetation scores.,01e56e8
2026-08-11 13:25:17,Amira Al-Mansoor (#42),amira42@dubaisolar.ae,GBJAFEEDX5Z6P7E5K3J7X9P02L9R4E91M822GBC4M822GDA7KL9P0,5,5,Staking & DeFi Yield Pool,GREEN-YIELD rewards incentivize long-term credit holding over short-term market speculation.,Add dual APY calculators with compounding projection charts.,451d614
2026-08-12 14:28:24,Mateo Rossi (#43),mateo43@milanoesg.it,GBKAFEED2M822GBC4M822GBV2X5Z6P7E5K3J7X9P02L9R4E91M822,5,4,Stellar DEX P2P Settlement,Direct settlement in XLM and EURC without intermediaries cut our transaction fees by 98%.,Provide CSV export of all historical purchase receipts with IPFS certificate links.,5edf6f3
2026-08-13 15:31:31,Freja Nielsen (#44),freja44@copenhagenclean.dk,GBLAFEED9PW4M102L9R4GBV2X5Z6P7E5K3J7X9P02L9R4E91M822,5,5,AI Auditor Neural Scanner,Prevented duplicate credit claiming across three multinational supplier filings.,Deploy contracts to Stellar Public Mainnet with verified explorer hashes.,5a95be1
2026-08-14 16:34:38,Tariq Johnson (#45),tariq45@capetownbio.za,GBMAFEED11223344556677889900AABBCCDDEEFFGGHHIIJJKKLLMM,5,5,Passkey Biometric Auth,Biometric authorization on mobile makes on-site carbon field verification extremely fast.,Integrate multi-currency anchor quotes with real-time exchange rates.,383a76c
2026-08-15 17:37:45,Elena Rostova (#46),elena.rostova46@nordicclean.org,GBNAFEEDV2X5Z6P7E5K3J7X9P02L9R4E91M822GBC4M822GDA7KL9P0,5,5,Fee-Sponsored Gasless Carbon Retirement,Gasless retirement saves our corporate treasury from maintaining separate XLM balances.,Add direct SEP-31 international bank settlement for corporate purchases.,c5a352b
2026-08-16 18:40:12,Marcus Vance (#47),m.vance47@munichclimate.de,GBOAFEED7KL9P02M822GBC4M822GBV2X5Z6P7E5K3J7X9P02L9R4,5,4,Multi-Sig DAO Governance,The threshold voting interface gives our board complete peace of mind before releasing capital.,Provide real-time satellite spectral anomaly alerts for carbon sink verification.,b7264f7
2026-08-17 19:43:19,Dr. Hiroshi Tanaka (#48),tanaka.h48@kyoto-u.ac.jp,GBPAFEEDX9PW4M102L9R4GBV2X5Z6P7E5K3J7X9P02L9R4E91M822,5,5,Satellite & IoT MRV Oracles,The NDVI indices correlated perfectly with our ground truth soil carbon samples in Hokkaido.,Add Passkey / WebAuthn account abstraction for researchers without crypto extension wallets.,9298192
2026-08-18 08:10:26,Sofia Mendes (#49),sofia.mendes49@amazonbiotrust.br,GBQAFEED11223344556677889900AABBCCDDEEFFGGHHIIJJKKLLMM,5,5,Carbon Credit Yield Staking,Staking rewards provide predictable APY to fund local indigenous ranger patrols.,Build dedicated proof explorer for community auditor verification.,0fafd0d
2026-08-19 09:13:33,Jean-Luc Dupont (#50),jl.dupont50@paricarbon.fr,GBRAFEED2M822GBC4M822GBV2X5Z6P7E5K3J7X9P02L9R4E91M822,4,5,Real-Time AI Carbon Auditor,Neural network anomaly scanner flagged our supplier discrepancy within 2 seconds.,Export formal security audit certificate directly from the web dApp.,580a5af
2026-08-20 10:16:40,Astrid Lindholm (#51),astrid51@stockholm-renew.se,GBSAFEED5Z6P7E5K3J7X9P02L9R4E91M822GBC4M822GDA7KL9P0,5,5,SEP-31 Cross-Border Rails,Cross-border remittances settled in under 4 seconds between SEK and Brazilian forestry pools.,Incorporate automated monthly growth metrics directly into public telemetry dashboard.,5a95be1
2026-08-21 11:19:47,Liam O'Connor (#52),liam52@dublingreen.ie,GBTAFEED9P02M822GBC4M822GBV2X5Z6P7E5K3J7X9P02L9R4E91,5,5,Smart Wallet WebAuthn,Face ID biometric signing works seamlessly without ever dealing with 24-word seed phrases.,Add one-click contract deployment scripts for private corporate side-instances.,383a76c
